county,item,season,temp,rainfall,ph,yield
Baringo,Sorghum,Long Rains,20.87974371,202.9355362,6.502985292,2.08
Bomet,Sorghum,Long Rains,21.77046169,226.6555374,7.038096361,2.05
Bungoma,Sorghum,Short Rains,23.00445915,263.9642476,7.840207144,2.28
Busia,Sorghum,Short Rains,26.49109635,242.8640342,6.980400905,3.43
Elgeyo Marakwet,Sorghum,Long Rains,20.13017482,262.7173405,7.628472891,3.32
Embu,Sorghum,Long Rains,23.05804872,251.0549998,7.073453503,2.92
Garissa,Sorghum,Long Rains,22.70883798,271.3248604,5.70080568,2.61
Homa Bay,Sorghum,Long Rains,20.27774362,241.9741949,5.718627178,3.62
Isiolo,Sorghum,Long Rains,24.51588066,230.4462359,6.685346424,4.55
Kajiado,Sorghum,Long Rains,23.22397386,221.2091958,6.336253525,4.1
Kakamega,Sorghum,Long Rains,26.52723513,264.6148697,5.386167788,4.4
Kericho,Sorghum,Short Rains,23.97898217,250.0832336,7.50283396,3.83
Kiambu,Sorghum,Short Rains,26.80079604,284.4364567,5.108681786,2.91
Kilifi,Sorghum,Short Rains,24.01497622,185.2773389,6.98435366,2.89
Kirinyaga,Sorghum,Short Rains,25.66585205,209.5869708,6.94801983,2.67
Kisii,Sorghum,Short Rains,24.28209415,231.0863347,7.042299069,3.13
Kitui,Sorghum,Short Rains,21.58711777,276.6552459,6.249050656,3.41
Kisumu,Sorghum,Long Rains,23.79391957,206.2611855,6.970859754,1.58
Kwale,Sorghum,Long Rains,21.8652524,224.5550169,5.953933276,2.34
Laikipia,Sorghum,Long Rains,23.57943626,291.2986618,5.85393208,2.07
Lamu,Sorghum,Long Rains,21.32504158,185.4974732,6.442475375,2.01
Machakos,Sorghum,Long Rains,25.15745531,231.3843163,5.070175667,2.47
Makueni,Sorghum,Long Rains,21.94766735,213.3560921,6.012632591,2.76
Mandera,Sorghum,Long Rains,21.0525355,233.1075816,6.254028451,2.56
Marsabit,Sorghum,Long Rains,23.48381344,224.0581164,7.375482851,2.47
Meru,Sorghum,Long Rains,25.0756354,257.0038865,7.778915154,1.12
Migori,Sorghum,Long Rains,26.35927159,271.3586137,6.286500176,2.5
Mombasa,Sorghum,Short Rains,24.52922681,260.2634026,7.070959995,2.86
Muranga,Sorghum,Short Rains,20.77576147,240.0810647,6.244841491,2.86
Nairobi,Sorghum,Short Rains,22.30157427,197.9791215,6.043304899,2.86
Nakuru,Sorghum,Short Rains,21.44653958,272.2017204,5.824709117,2.67
Nandi,Sorghum,Long Rains,22.17931888,200.0882787,6.357389366,2.67
Narok,Sorghum,Long Rains,24.52783742,224.6757231,6.364134968,2.67
Nyamira,Sorghum,Long Rains,20.26707606,270.4417274,5.01450727,2.7
Nyandarua,Sorghum,Long Rains,25.7354293,233.1321372,6.149410611,2.71
Nyeri,Sorghum,Long Rains,26.79533926,193.3473987,5.950660556,2.79
Samburu,Sorghum,Short Rains,26.75754171,272.2999056,5.960370061,2.79
Siaya,Sorghum,Short Rains,23.86330467,285.2493645,5.561398642,2.8
Taita Taveta,Sorghum,Short Rains,21.01944696,298.4018471,7.416245107,2.68
Tana River,Sorghum,Short Rains,24.17298839,257.0343554,5.583370042,2.47
Tharaka Nithi,Sorghum,Short Rains,22.78133816,248.7183228,6.430010215,2.31
Trans Nzoia,Sorghum,Short Rains,25.62980105,209.9001977,5.534878156,2.14
Turkana,Sorghum,Short Rains,25.59704938,200.834898,6.903985986,1.96
Uasin Gishu,Sorghum,Short Rains,23.83067496,298.5601175,6.271478838,1.79
Vihiga,Sorghum,Short Rains,26.31355498,265.5355937,7.224285503,1.5
Wajir,Sorghum,Short Rains,24.8972823,183.6793207,6.13428721,1.5
West Pokot,Sorghum,Short Rains,24.958779,196.9560008,5.206373153,1.39
Baringo,Irish Potatoes,Short Rains,23.24113501,233.0453455,7.782051313,1.31
Bomet,Irish Potatoes,Long Rains,21.66628296,210.8142087,7.062779015,1.23
Bungoma,Irish Potatoes,Short Rains,24.63544858,253.7202781,7.730367824,1.3
Elgeyo Marakwet,Irish Potatoes,Short Rains,23.43121862,219.9048349,5.286203711,1.28
Embu,Irish Potatoes,Short Rains,20.0454142,208.5810155,6.766240045,1.28
Kajiado,Irish Potatoes,Short Rains,23.85724032,195.0948311,7.382762603,1.3
Kakamega,Irish Potatoes,Short Rains,21.97199397,227.3637009,5.658169482,1.28
Kericho,Irish Potatoes,Short Rains,26.22916897,286.5083725,5.543360238,1.34
Kiambu,Irish Potatoes,Long Rains,23.44676801,283.9338466,6.215109715,1.4
Kirinyaga,Irish Potatoes,Long Rains,25.65553461,217.3788583,7.120272972,1.46
Kisii,Irish Potatoes,Long Rains,24.44345477,267.9761948,5.950647577,1.53
Laikipia,Irish Potatoes,Long Rains,20.2801937,191.9535738,7.236705436,1.61
Machakos,Irish Potatoes,Long Rains,21.7238313,277.9626192,6.501697816,1.67
Makueni,Irish Potatoes,Long Rains,20.41447029,245.1511304,7.592490617,1.78
Meru,Irish Potatoes,Long Rains,25.75528612,245.6626799,5.875345751,1.78
Muranga,Irish Potatoes,Long Rains,20.61521424,279.5451717,6.932400225,1.76
Nairobi,Irish Potatoes,Long Rains,21.84106875,202.3838319,6.946209881,1.75
Nakuru,Irish Potatoes,Long Rains,20.08369642,263.6372176,5.739175027,0.45
Nandi,Irish Potatoes,Long Rains,24.45802087,182.5616319,6.738652179,0.67
Narok,Irish Potatoes,Long Rains,21.14347496,198.6730942,5.594819626,0.95
Nyamira,Irish Potatoes,Long Rains,25.78720567,243.5120414,6.946636369,0.78
Nyandarua,Irish Potatoes,Long Rains,23.64124821,263.1103304,5.012139669,0.77
Nyeri,Irish Potatoes,Long Rains,23.43191632,269.5039162,6.363472208,0.79
Samburu,Irish Potatoes,Long Rains,24.97669518,204.8001847,6.880431223,0.85
Taita Taveta,Irish Potatoes,Long Rains,22.72791041,260.8875056,7.300410836,1.2
Tharaka Nithi,Irish Potatoes,Long Rains,24.87300744,295.6094492,6.587918708,0.88
Trans Nzoia,Irish Potatoes,Long Rains,21.32376327,192.3197536,7.283736617,0.86
Uasin Gishu,Irish Potatoes,Long Rains,26.29465461,257.4914906,7.023936392,0.7
West Pokot,Irish Potatoes,Long Rains,22.2286982,278.0791793,6.939083505,1.07
Baringo,Wheat,Long Rains,26.73072391,280.4044392,7.868474653,1.39
Bungoma,Wheat,Long Rains,24.88921174,185.9461429,5.005306977,0.78
Elgeyo Marakwet,Wheat,Long Rains,26.88444878,194.5766559,6.136131869,1.46
Laikipia,Wheat,Long Rains,22.67846116,200.9133156,7.524080076,1.43
Marsabit,Wheat,Long Rains,26.08867875,182.9043504,5.706943251,1.27
Meru,Wheat,Long Rains,25.42977518,195.3574542,5.758506323,2.11
Nakuru,Wheat,Long Rains,26.40323239,223.3671883,6.349606327,3.18
Narok,Wheat,Long Rains,26.04371967,186.7536773,5.999969026,2.19
Nyamira,Wheat,Long Rains,25.2827223,220.1156708,5.453592032,1.61
Nyandarua,Wheat,Long Rains,22.08576562,231.7364957,6.372576327,1.93
Nyeri,Wheat,Long Rains,23.28617173,242.3170629,5.105588355,2.64
Samburu,Wheat,Long Rains,25.48591986,182.6549356,5.935344406,1.74
Trans Nzoia,Wheat,Long Rains,23.67575393,233.7034975,5.17782304,0.91
Uasin Gishu,Wheat,Long Rains,20.82477109,230.2242223,6.462391607,1.54
Baringo,Rice,Short Rains,26.92995077,290.6793783,7.069172227,1.89
Bungoma,Rice,Long Rains,23.83509503,241.2013513,7.473134377,2.52
Busia,Rice,Long Rains,26.52872817,218.9163567,6.158376967,1.86
Elgeyo Marakwet,Rice,Long Rains,26.46428311,248.2256491,7.549873681,1.66
Garissa,Rice,Long Rains,22.69657794,256.9964761,6.028321558,2.42
Homa Bay,Rice,Long Rains,22.68319059,194.2651719,6.604993475,4.3
Kakamega,Rice,Long Rains,21.53346343,295.9248796,6.500343222,5.4
Kilifi,Rice,Long Rains,21.40865769,287.5766935,5.935745417,1.27
Kirinyaga,Rice,Long Rains,26.54348085,183.6222657,7.072655622,1.48
Kisumu,Rice,Long Rains,23.35905428,188.413665,5.333322606,4
Kwale,Rice,Long Rains,22.61359953,87.75953857,5.749914421,2.45
Lamu,Rice,Long Rains,26.10018422,102.2662445,6.931756558,2.7
Meru,Rice,Short Rains,23.55882094,66.71995467,6.657964753,6.95
Migori,Rice,Short Rains,19.97215954,60.65171481,6.596060648,2.78
Muranga,Rice,Short Rains,18.47891261,65.43835393,5.970458434,3.39
Siaya,Rice,Short Rains,21.77689322,102.0861694,6.158830619,2.64
Taita Taveta,Rice,Short Rains,25.6217169,105.4654703,6.047906679,4.33
Tana River,Rice,Short Rains,25.19192419,78.06639649,5.913664501,3.35
Tharaka Nithi,Rice,Short Rains,20.41683147,65.27798457,5.855442401,5.67
West Pokot,Rice,Short Rains,24.92162194,109.2162279,5.750254943,2.91
Vihiga,Rice,Short Rains,23.31689124,94.29712821,5.852607099,6.18
Baringo,Cassava,Long Rains,24.84016732,74.05474936,6.472523287,9.05
Bungoma,Cassava,Long Rains,22.27526694,63.87020584,6.967057762,3.03
Busia,Cassava,Long Rains,18.87751445,94.76189431,6.082973754,10
Elgeyo Marakwet,Cassava,Long Rains,25.19008683,72.12375573,5.919045532,20.6
Embu,Cassava,Long Rains,18.25405352,63.72358154,6.204747653,6
Homabay,Cassava,Long Rains,24.6129118,104.1626147,6.600827017,6.2
Kajiado,Cassava,Long Rains,25.1420613,76.68456006,6.021902237,2.17
Kakamega,Cassava,Long Rains,23.09348056,65.49730729,6.033550195,5.58
Kiambu,Cassava,Long Rains,18.05033737,84.23613484,6.28886807,0.41
Kilifi,Cassava,Long Rains,24.9321581,79.74078719,6.550563823,0.8
Kirinyaga,Cassava,Long Rains,18.14710054,88.07753741,5.573286437,0.83
Kisii,Cassava,Long Rains,18.28362235,80.97573281,6.829199275,0.53
Kisumu,Cassava,Long Rains,18.83344471,79.7532896,5.716222912,0.61
Kitui,Cassava,Long Rains,25.71895816,74.51490791,5.54990242,0.43
Kwale,Cassava,Long Rains,25.33797709,96.46380213,6.586244581,0.63
Laikipia,Cassava,Long Rains,23.89114571,102.8301942,5.893093135,0.69
Lamu,Cassava,Long Rains,21.53574127,102.4852929,5.918263801,0.6
Machakos,Cassava,Long Rains,23.08974909,70.43473609,5.588650585,0.62
Makueni,Cassava,Long Rains,25.61707368,108.8303762,6.576418207,0.61
Marsabit,Cassava,Long Rains,21.44526922,65.88951188,6.178056304,0.67
Meru,Cassava,Long Rains,18.51816776,90.988051,6.641906353,0.49
Migori,Cassava,Long Rains,22.53510514,64.40866039,6.489040367,0.5
Mombasa,Cassava,Long Rains,23.02038334,63.03843397,5.680361038,0.83
Muranga,Cassava,Long Rains,24.89364635,87.9298085,6.625404348,0.71
Nairobi,Cassava,Long Rains,25.77175115,107.4931917,6.524478032,0.43
Nakuru,Cassava,Long Rains,19.39851734,60.95197486,5.696205468,0.58
Nandi,Cassava,Long Rains,21.54156232,109.7515385,6.803931519,0.56
Nandi ,Cassava,Long Rains,23.79746068,91.76337172,6.252797548,0.73
Narok,Cassava,Long Rains,18.9802729,94.26249353,6.092725883,0.67
Nyandarua,Cassava,Long Rains,24.10859207,71.07562236,6.234330356,0.6
Nyeri,Cassava,Long Rains,24.7947077,76.72860067,5.722579819,0.56
Samburu,Cassava,Long Rains,21.63162756,69.21803098,6.430616465,0.57
Siaya,Cassava,Long Rains,25.37548751,101.7004306,5.983952675,0.89
Taita Taveta,Cassava,Long Rains,22.21738222,106.6213157,6.80163854,0.81
Tana River,Cassava,Long Rains,20.58314011,66.29390357,6.499936446,0.78
Tharaka Nithi,Cassava,Long Rains,24.87502824,91.26056654,6.265564338,0.6
Trans Nzoia,Cassava,Long Rains,20.03728219,109.024141,6.727303282,0.78
Uasin Gishu,Cassava,Long Rains,25.95263264,99.57981207,6.325235159,0.63
Vihiga,Cassava,Long Rains,19.28889933,71.3195307,6.807487794,1.08
West Pokot,Cassava,Long Rains,20.57981887,78.34604471,6.671085817,0.99
Baringo,Cassava,Short Rains,24.71417533,88.45361858,6.648725327,0.81
Bungoma,Cassava,Short Rains,20.27317074,62.50351892,6.439071996,0.8
Busia,Cassava,Short Rains,18.41932981,76.41312437,6.474476516,0.89
Elgeyo Marakwet,Cassava,Short Rains,23.39128187,107.3198135,5.871647806,1.31
Embu,Cassava,Short Rains,19.84939404,100.7689246,5.730617109,0.8
Homabay,Cassava,Short Rains,21.869274,107.2681929,5.850439831,0.88
Kajiado,Cassava,Short Rains,22.8056033,101.5952794,5.791649933,1.07
Kakamega,Cassava,Short Rains,19.0781471,80.72515943,6.740000688,0.92
Kiambu,Cassava,Short Rains,22.02720976,83.73280082,6.272417541,1.11
Kilifi,Cassava,Short Rains,23.80546189,89.9622014,5.715208817,1.07
Kirinyaga,Cassava,Short Rains,18.52510753,88.10234397,5.773454729,1.45
Kisii,Cassava,Short Rains,23.50297882,64.77791424,5.584171461,1.36
Kisumu,Cassava,Short Rains,26.54986394,73.33636055,5.787268394,1.51
Kitui,Cassava,Short Rains,19.29563411,83.21030571,5.77597783,1.51
Kwale,Cassava,Short Rains,20.68899915,103.651438,6.864793607,1.27
Laikipia,Cassava,Short Rains,19.32666088,84.22969177,6.192360003,1.1
Lamu,Cassava,Short Rains,24.60532218,96.59195302,6.636803223,1.6
Machakos,Cassava,Short Rains,22.27373646,67.96704792,5.826426917,1.48
Makueni,Cassava,Short Rains,25.70196694,83.20711308,6.960358276,1.74
Marsabit,Cassava,Short Rains,19.20129357,87.85092352,6.11275104,1.76
Meru,Cassava,Short Rains,21.70181447,95.71388473,6.708446922,1.91
Migori,Cassava,Short Rains,20.51716779,67.61013737,5.561510732,1.48
Mombasa,Cassava,Short Rains,23.30355338,97.59081274,5.873242491,1.46
Muranga,Cassava,Short Rains,24.2547451,64.23845455,6.995843776,1.69
Nairobi,Cassava,Short Rains,24.86374934,75.82270467,5.714799723,3.33
Nakuru,Cassava,Short Rains,22.6265115,88.17251033,6.78073637,3.33
Nandi,Cassava,Short Rains,18.04185513,104.2321615,5.513697923,3.67
Nandi ,Cassava,Short Rains,23.26237612,67.10225139,5.798423908,2.67
Narok,Cassava,Short Rains,22.88330922,67.72777298,6.352471866,7.5
Nyandarua,Cassava,Short Rains,25.97482359,103.2234212,6.822586546,8.5
Nyeri,Cassava,Short Rains,26.14384005,107.2361366,6.655426355,8.33
Samburu,Cassava,Short Rains,18.66116213,75.03247667,6.121294041,8.5
Siaya,Cassava,Short Rains,25.10787449,78.16077693,5.790770203,8.5
Taita Taveta,Cassava,Short Rains,23.33844615,105.0083144,6.47444292,9
Tana River,Cassava,Short Rains,25.08239719,62.49190812,6.455116637,10
Tharaka Nithi,Cassava,Short Rains,25.36768364,107.9124111,6.606984086,8.67
Trans Nzoia,Cassava,Short Rains,25.34217103,74.52082026,6.330554389,6.67
Uasin Gishu,Cassava,Short Rains,25.00933355,62.91359494,6.528631266,5
Vihiga,Cassava,Short Rains,18.66746724,69.93293255,5.721667141,5.33
West Pokot,Cassava,Short Rains,20.37999665,108.5054416,6.644205485,5.67
Meru,barley,Long Rains,18.09300227,78.96159541,6.376651091,5.33
Nakuru,barley,Long Rains,26.16985907,79.84925393,6.247040422,4.33
Narok,barley,Long Rains,18.65396672,93.62039175,6.656730008,3.67
Uasin Gishu,barley,Long Rains,26.07470121,85.75692395,6.2048017,5
Meru,barley,Short Rains,18.92851916,82.34162918,6.158860284,6.5
Nakuru,barley,Short Rains,23.30546753,108.7603001,6.385684214,6.75
Narok,barley,Short Rains,18.74826712,70.23401597,6.417820493,4.75
Uasin Gishu,barley,Short Rains,19.74213321,65.50861389,6.381201909,4.5
Bungoma,Beans,Long Rains,25.73044432,98.73771338,6.877869005,4.5
Machakos,Beans,Long Rains,17.02498456,88.55123143,7.485996067,4.75
Meru,Beans,Long Rains,19.02061277,79.92698081,6.920251378,5
Bomet,Beans,Long Rains,17.88776475,68.54932919,5.996932037,5
Kakamega,Beans,Long Rains,18.86805647,88.51048983,6.391173589,6.67
Trans Nzoia,Beans,Long Rains,18.36952567,79.26357665,7.152811172,3.14
Kisii,Beans,Long Rains,20.45078582,92.68373702,5.988992796,6.27
Narok,Beans,Long Rains,20.6543203,74.6631118,6.231049028,6.22
Makueni,Beans,Long Rains,17.3348681,82.61734721,7.550808267,6.18
Nyamira,Beans,Long Rains,18.17912258,81.84997529,7.010570541,6.13
Homabay,Beans,Long Rains,18.01272266,81.98568791,8.753795334,6.09
Migori,Beans,Long Rains,20.99373558,93.55280105,8.718192847,6.04
Nakuru,Beans,Long Rains,19.46233971,74.58565097,7.976607593,6.13
Kisumu,Beans,Long Rains,19.81344531,78.96514709,6.515499549,7.06
Siaya,Beans,Long Rains,18.97424756,80.7108745,8.490127142,6.67
Nandi ,Beans,Long Rains,18.19737048,70.18185181,6.576415562,5.83
Kericho,Beans,Long Rains,18.72963144,71.58010169,6.481783043,5.64
Muranga,Beans,Long Rains,20.99502153,73.50734019,7.966605025,5.51
Busia,Beans,Long Rains,20.28155898,82.52339655,8.140825437,3
Laikipia,Beans,Long Rains,17.48042641,66.96980581,7.228963452,6.67
Embu,Beans,Long Rains,20.88818675,90.46228334,6.492546046,5.85
Nyeri,Beans,Long Rains,17.08498521,71.31007253,7.528599957,5.84
Baringo,Beans,Long Rains,20.09340593,85.74904898,7.701446446,5.81
Kiambu,Beans,Long Rains,17.57212145,89.31050665,8.519975748,5.78
Tharaka Nithi,Beans,Long Rains,19.12065218,85.52950164,6.620900869,5.72
Kitui,Beans,Long Rains,18.57665902,72.94940441,8.104396058,5.67
West Pokot,Beans,Long Rains,17.16606398,72.32667516,6.204090835,5.61
Elgeyo Marakwet,Beans,Long Rains,18.2872007,74.87445574,6.051091339,5.71
Uasin Gishu,Beans,Long Rains,19.03025305,94.70992037,7.690962338,5.67
Nandi,Beans,Long Rains,17.1418614,83.74606679,7.829211144,5.59
Vihiga,Beans,Long Rains,17.47809436,78.92060234,6.761599706,5.64
Kirinyaga,Beans,Long Rains,20.56601874,83.75937135,6.654425315,5.72
Nyandarua,Beans,Long Rains,17.22385224,76.57580954,6.129533877,3.7
Taita Taveta,Beans,Long Rains,19.69141713,91.76071648,8.829273328,3.1
Kajiado,Beans,Long Rains,17.84851658,76.32470713,8.621662982,2.5
Marsabit,Beans,Long Rains,18.8202251,89.73119396,8.204862075,3.57
Nairobi,Beans,Long Rains,17.47500984,93.35034262,6.18042747,3.57
Samburu,Beans,Long Rains,18.72649425,81.20176515,7.978996755,3.21
Kwale,Beans,Long Rains,18.65580107,81.70769297,7.863113671,2.86
Isiolo,Beans,Long Rains,18.2356751,83.74879344,6.967843048,2.5
Kilifi,Beans,Long Rains,18.81198127,77.5429424,6.206582193,2.7
Bungoma,Beans,Short Rains,18.65054116,77.92798682,8.868741443,2.85
Machakos,Beans,Short Rains,20.36720401,82.2545577,8.766128654,2.7
Meru,Beans,Short Rains,18.38120357,70.52056697,8.736337905,2.5
Bomet,Beans,Short Rains,17.17012591,72.78624223,8.081095263,2.35
Kakamega,Beans,Short Rains,19.37101121,85.24819851,6.138243973,3
Trans Nzoia,Beans,Short Rains,17.92845928,85.37378769,7.496645259,2.87
Kisii,Beans,Short Rains,19.45339934,75.6317566,8.380185271,2.67
Narok,Beans,Short Rains,19.12829388,89.61857826,6.289614016,2.47
Makueni,Beans,Short Rains,19.1034283,75.49101167,6.586777189,3.2
Nyamira,Beans,Short Rains,17.48504075,86.05078037,6.89655198,0.45
Homabay,Beans,Short Rains,19.40751744,80.25064637,7.806747656,2.67
Migori,Beans,Short Rains,20.18649426,78.26039559,7.150681303,2
Nakuru,Beans,Short Rains,17.30287885,75.57790384,6.64919573,2.31
Kisumu,Beans,Short Rains,17.50361137,72.9446671,7.778591618,2.25
Siaya,Beans,Short Rains,18.17234999,90.7760707,6.358740355,2.43
Nandi ,Beans,Short Rains,17.57445618,77.81891424,8.255450758,2.67
Kericho,Beans,Short Rains,20.93175255,78.06910795,6.456148474,3.6
Muranga,Beans,Short Rains,19.71098332,85.57925437,6.613072145,3.5
Busia,Beans,Short Rains,19.07937684,69.40619137,8.165359297,4.33
Laikipia,Beans,Short Rains,18.54988627,76.32565249,7.64867466,3.45
Embu,Beans,Short Rains,18.19903647,80.6405403,6.545888558,3.16
Nyeri,Beans,Short Rains,18.88852533,80.1113384,7.104224797,4.41
Baringo,Beans,Short Rains,18.49311205,91.94595352,7.358099622,4.38
Kiambu,Beans,Short Rains,19.48974337,87.51312796,6.4740245,4.35
Tharaka Nithi,Beans,Short Rains,17.25769499,94.00287214,7.840339389,4.31
Kitui,Beans,Short Rains,19.62416326,88.4585692,7.064790365,4.28
West Pokot,Beans,Short Rains,20.67526473,84.78344008,7.599033472,4.33
Elgeyo Marakwet,Beans,Short Rains,20.02381489,68.97806542,6.715587232,6.67
Uasin Gishu,Beans,Short Rains,20.1187446,88.68168643,6.81712422,7.55
Nandi,Beans,Short Rains,20.65691793,65.23811143,7.985417393,3.75
Vihiga,Beans,Short Rains,19.2582557,65.78042032,7.545258424,3.68
Kirinyaga,Beans,Short Rains,17.927806,74.63872762,7.728998197,3.45
Nyandarua,Beans,Short Rains,19.16288268,82.69766829,7.354973451,3.51
Taita Taveta,Beans,Short Rains,20.26942271,69.64449182,7.313122235,2.83
Kajiado,Beans,Short Rains,17.09104223,87.27444866,7.785039076,3.2
Marsabit,Beans,Short Rains,17.06579293,70.87150577,6.307004923,3.55
Nairobi,Beans,Short Rains,20.62767492,92.06630306,6.403982316,3.52
Samburu,Beans,Short Rains,20.8248451,79.20509212,7.599279991,3.15
Kwale,Beans,Short Rains,19.46210401,68.81405149,7.217018459,3.44
Isiolo,Beans,Short Rains,17.18248372,72.85017344,7.561108006,3.44
Kilifi,Beans,Short Rains,17.48911699,79.45758333,7.489545074,3.46
Baringo,Cocoyams,Short Rains,17.48395377,65.11365631,6.609696734,3.49
Bomet,Cocoyams,Short Rains,19.48316794,80.4986291,7.476800943,3.6
Bungoma,Cocoyams,Long Rains,19.71359733,73.64476535,7.325451279,3.92
Busia,Cocoyams,Long Rains,19.48649305,81.5284269,6.489389282,3.73
Elgeyo Marakwet,Cocoyams,Short Rains,19.95264829,88.6810311,7.786366322,3.52
Embu,Cocoyams,Long Rains,19.41789736,68.4951189,6.408437886,3.6
Garissa,Cocoyams,Short Rains,19.45591848,78.44910564,8.423873703,3.57
Homabay,Cocoyams,Short Rains,20.19137759,77.33795356,8.719960893,3.19
Isiolo,Cocoyams,Short Rains,18.8392908,94.78189594,7.811997977,3.25
Kajiado,Cocoyams,Short Rains,20.71219282,94.03659867,6.317153205,3.3
Kakamega,Cocoyams,Long Rains,18.99424448,78.69707199,7.114405288,3.33
Kericho,Cocoyams,Short Rains,19.96837462,69.15759062,8.135900726,3.33
Kiambu,Cocoyams,Long Rains,17.81564548,90.82097601,7.714153038,3.39
Kilifi,Cocoyams,Short Rains,20.71424384,76.77888672,7.103798069,3.43
Kirinyaga,Cocoyams,Long Rains,17.34150229,67.9545435,8.861479668,3.53
Kisii,Cocoyams,Long Rains,17.43732714,73.0926704,7.861128148,3.56
Kisumu,Cocoyams,Short Rains,18.89780215,69.09512477,7.4526709,3.56
Kitui,Cocoyams,Short Rains,18.59190771,89.60982451,7.168096055,3.56
Kwale,Cocoyams,Short Rains,18.31561493,81.78710463,7.26311855,3.67
Laikipia,Cocoyams,Short Rains,17.13692774,128.256862,5.68597166,3.63
Lamu,Cocoyams,Short Rains,19.63474332,106.3598183,5.759237003,3.55
Machakos,Cocoyams,Long Rains,22.91350245,109.225556,5.873171894,3.61
Makueni,Cocoyams,Long Rains,16.43340342,140.3717815,5.926676985,3.61
Marsabit,Cocoyams,Short Rains,22.13974653,76.64128258,5.95561668,3.61
Meru,Cocoyams,Long Rains,17.84806561,143.0984171,5.949949081,3.38
Migori,Cocoyams,Long Rains,19.88394011,60.91974792,5.789214289,3.38
Mombasa,Cocoyams,Short Rains,19.32509638,104.7783947,5.581021521,3.38
Muranga,Cocoyams,Short Rains,18.4167001,132.9801054,5.689858133,3.41
Nairobi,Cocoyams,Short Rains,21.81167649,130.0608093,5.794158504,3.37
Nakuru,Cocoyams,Short Rains,19.72702528,143.7630894,5.748190463,3.43
Nandi,Cocoyams,Long Rains,17.15432954,87.99669731,5.566522896,3.43
Nandi ,Cocoyams,Long Rains,19.62207826,144.1567454,5.809419584,3.49
Narok,Cocoyams,Long Rains,21.63149148,134.3649948,5.887263027,3.5
Nyamira,Cocoyams,Short Rains,16.06522754,88.06638775,5.99812453,3.75
Nyandarua,Cocoyams,Short Rains,20.61162204,69.63833855,5.792744849,4.8
Nyeri,Cocoyams,Short Rains,21.42451099,116.5206923,5.912289889,4.12
Samburu,Cocoyams,Long Rains,19.07096165,86.21917578,5.788386951,4.03
Siaya,Cocoyams,Long Rains,21.18853178,137.1948633,5.728233081,4.23
Taita Taveta,Cocoyams,Long Rains,23.0429097,108.3684316,5.833940084,4.23
Tana River,Cocoyams,Long Rains,20.65375833,67.71768947,5.967533236,5.86
Tharaka Nithi,Cocoyams,Long Rains,18.09551014,144.7902323,5.625096446,5.1
Trans Nzoia,Cocoyams,Long Rains,18.23775702,69.44951585,5.515615023,4.81
Turkana,Cocoyams,Long Rains,17.48189735,121.9401369,5.954665349,4.42
Uasin Gishu,Cocoyams,Short Rains,19.9191786,82.68554379,5.74644777,5.57
Vihiga,Cocoyams,Short Rains,20.27514686,139.7521543,5.877347515,5.98
Wajir,Cocoyams,Short Rains,15.77370214,108.3441414,5.979973965,8.3
West Pokot,Cocoyams,Short Rains,16.71170642,96.77285817,5.635993966,9.41
Baringo,Sweet Potatoes,Short Rains,17.66148158,100.6711761,5.635231778,11.01
Bomet,Sweet Potatoes,Long Rains,18.50692825,87.0513289,5.679224346,9.57
Bungoma,Sweet Potatoes,Long Rains,24.51324787,64.19497947,5.670062975,2.56
Busia,Sweet Potatoes,Long Rains,18.87614998,105.4120514,5.724242065,1.76
Elgeyo Marakwet,Sweet Potatoes,Long Rains,21.59343016,61.13872036,5.811314232,1.72
Embu,Sweet Potatoes,Long Rains,20.12373284,106.158201,5.783425416,1.54
Homabay,Sweet Potatoes,Long Rains,15.43546065,139.0302034,5.607808432,4.81
Isiolo,Sweet Potatoes,Long Rains,22.64236876,122.3886015,5.946999529,5.18
Kajiado,Sweet Potatoes,Long Rains,21.98560799,129.5650601,5.852046999,5.58
Kakamega,Sweet Potatoes,Long Rains,20.53052663,120.4509288,5.824090984,3.36
Kericho,Sweet Potatoes,Long Rains,15.78601387,95.17028129,5.502999119,10.01
Kiambu,Sweet Potatoes,Long Rains,19.6365349,96.65888933,5.821649914,4.05
Kilifi,Sweet Potatoes,Long Rains,20.57341244,87.87869161,5.711439256,10.11
Kirinyaga,Sweet Potatoes,Long Rains,20.16080524,138.2362122,5.514927264,10.13
Kisii,Sweet Potatoes,Long Rains,21.53989176,120.6913038,5.99616119,10.85
Kisumu,Sweet Potatoes,Long Rains,15.53834801,107.3850593,5.695422863,0.81
Kitui,Sweet Potatoes,Long Rains,19.91853092,108.6434544,5.833010958,0.81
Kwale,Sweet Potatoes,Long Rains,20.76952209,109.0193712,5.568456899,0.77
Laikipia,Sweet Potatoes,Long Rains,23.46168338,95.84253438,5.645435626,0.87
Lamu,Sweet Potatoes,Long Rains,24.32116642,60.27552528,5.821194486,0.94
Machakos,Sweet Potatoes,Long Rains,20.12574053,100.0497183,5.659254981,0.79
Makueni,Sweet Potatoes,Long Rains,21.80619564,125.0972687,5.945465949,0.76
Meru,Sweet Potatoes,Long Rains,19.52226241,113.334026,5.951177452,0.78
Migori,Sweet Potatoes,Long Rains,17.00067625,103.2926407,5.520880014,0.9
Mombasa,Sweet Potatoes,Long Rains,16.78791503,75.45328039,5.578410206,0.91
Muranga,Sweet Potatoes,Long Rains,24.84906168,62.21292186,5.608165195,0.78
Nairobi ,Sweet Potatoes,Long Rains,16.51783455,98.77794225,5.609435128,0.75
Nakuru,Sweet Potatoes,Long Rains,18.15300153,107.6907964,5.509295379,0.73
Nandi,Sweet Potatoes,Long Rains,23.18864385,63.38208822,5.902033406,0.67
Narok,Sweet Potatoes,Long Rains,23.38002569,87.66898664,5.744117663,0.75
Nyamira,Sweet Potatoes,Long Rains,18.358923,138.414764,5.717143397,0.75
Nyandarua,Sweet Potatoes,Long Rains,19.25975367,94.9533526,5.542690119,0.58
Nyeri,Sweet Potatoes,Long Rains,22.95458237,107.7315386,5.858617867,0.67
Siaya,Sweet Potatoes,Long Rains,20.120043,104.6252153,5.618844277,0.5
Taita Taveta,Sweet Potatoes,Long Rains,21.14011423,141.6056722,5.606620346,0.6
Tana River,Sweet Potatoes,Long Rains,24.92360104,62.7089169,5.582178402,0.42
Tharaka Nthi,Sweet Potatoes,Short Rains,15.33042636,135.3315583,5.56503533,0.42
Trans Nzoia,Sweet Potatoes,Long Rains,18.81097271,125.084915,5.889614577,0.46
Uasin Gishu,Sweet Potatoes,Short Rains,23.44260668,107.4137246,5.934136378,0.43
Vihiga,Sweet Potatoes,Short Rains,22.8352024,63.59276673,5.683548308,0.42
West Pokot,Sweet Potatoes,Short Rains,24.9035819,146.4727237,5.70836603,0.35
Baringo,Millet,Long Rains,23.78709569,119.6404412,5.948164454,0.35
Bomet,Millet,Long Rains,22.05592283,126.7265372,5.774755144,0.3
Bungoma,Millet,Long Rains,18.87492997,134.1811718,5.97229163,0.24
Busia,Millet,Long Rains,18.62328774,135.3378033,5.532100554,0.27
Elgeyo Marakwet,Millet,Long Rains,23.00884744,100.118612,5.669560726,0.4
Embu,Millet,Long Rains,19.33162606,68.51253427,5.655726817,0.38
Homabay,Millet,Long Rains,16.24469193,66.97053257,5.591704014,0.26
Kajiado,Millet,Long Rains,17.91652287,69.14681022,5.932323085,0.25
Kakamega,Millet,Long Rains,15.46789263,88.88796102,5.824208309,0.35
Kericho,Millet,Long Rains,17.06104474,81.83420522,5.86442953,0.7
Kilifi,Millet,Long Rains,21.32776028,109.1013261,5.866744372,0.6
Kirinyaga,Millet,Long Rains,23.90910104,81.60211243,5.706198621,0.74
Kisii,Millet,Long Rains,23.89756791,112.6616435,5.940546818,0.64
Kisumu,Millet,Long Rains,22.98666928,143.8584938,5.916779289,0.57
Kitui,Millet,Long Rains,21.35135729,146.4548645,5.779090476,0.58
Kwale,Millet,Long Rains,24.1638445,116.7324324,5.82738029,0.67
Laikipia,Millet,Long Rains,24.62835037,149.7441028,5.514234138,0.76
Lamu,Millet,Long Rains,21.02213209,124.6118471,5.662699104,0.54
Machakos,Millet,Long Rains,17.30844532,115.199245,5.86390397,0.67
Makueni,Millet,Long Rains,23.82576704,84.64143632,5.624690248,0.47
Meru,Millet,Long Rains,19.30607278,129.3449326,5.591560999,0.51
Migori,Millet,Long Rains,16.03768615,130.3900798,5.976312538,0.79
Nakuru,Millet,Long Rains,19.18572809,80.15293435,5.669236258,0.66
Nandi,Millet,Long Rains,19.92889503,64.02640797,5.961934481,0.72
Nandi ,Millet,Long Rains,19.56376468,139.2921004,5.690065688,0.74
Narok,Millet,Long Rains,18.31357543,76.14153904,5.698371311,0.78
Nyamira,Millet,Long Rains,20.10993761,73.36386477,5.59503163,0.95
Siaya,Millet,Long Rains,23.60506572,100.5978728,5.525904526,1.04
Tharaka Nithi,Millet,Long Rains,19.73136909,84.06354115,5.819403771,1.12
Trans Nzoia,Millet,Long Rains,20.93409877,133.1914419,5.562201934,1.08
Uasin Gishu,Millet,Long Rains,18.78226261,104.2570723,5.630664753,5.6
Vihiga,Millet,Long Rains,36.51268371,122.6539694,6.03160778,5.2
Wajir,Millet,Long Rains,36.89163721,163.7266551,5.269084669,5.32
West Pokot,Millet,Long Rains,29.23540524,103.3301803,5.985792703,5.88
Baringo,Millet,Short Rains,27.33534897,142.3303677,6.09186275,5.7
Bomet,Millet,Short Rains,21.0643684,184.6226709,5.624731338,5.7
Bungoma,Millet,Short Rains,30.33276599,149.299952,6.446091759,5.89
Busia,Millet,Short Rains,31.80130272,147.0361442,5.623490043,6.08
Elgeyo Marakwet,Millet,Short Rains,33.18184225,198.8298806,5.864623352,6.3
Embu,Millet,Short Rains,29.38538562,90.05422663,5.761702519,6.3
Homabay,Millet,Short Rains,30.27374995,127.7767134,4.696518678,6.3
Kajiado,Millet,Short Rains,35.45790488,108.6333046,5.269504214,6.3
Kakamega,Millet,Short Rains,33.80020039,176.6165894,7.445444883,6.48
Kericho,Millet,Short Rains,28.69180475,96.36222901,5.833031708,6.48
Kilifi,Millet,Short Rains,31.24021696,122.0146733,7.339320929,5.93
Kirinyaga,Millet,Short Rains,28.98039357,120.7435664,6.347929353,6.48
Kisii,Millet,Short Rains,27.32198928,96.51524028,4.697750704,7.27
Kisumu,Millet,Short Rains,21.47607807,180.382234,4.962661422,6.36
Kitui,Millet,Short Rains,18.31910448,107.4721605,4.964887857,7.27
Kwale,Millet,Short Rains,36.97794384,161.4812963,5.642813116,7.27
Laikipia,Millet,Short Rains,24.80467592,121.5639121,5.6093956,7.27
Lamu,Millet,Short Rains,19.3479443,194.5921148,4.681576043,7.27
Machakos,Millet,Short Rains,28.88302142,179.2155874,5.70951224,7.27
Makueni,Millet,Short Rains,19.54314136,192.4372194,6.413543781,7.27
Meru,Millet,Short Rains,24.7741949,114.2821387,6.007508163,7.27
Migori,Millet,Short Rains,18.33124824,139.6483317,4.946369874,7.27
Nakuru,Millet,Short Rains,19.14729038,132.7748215,5.517208078,7.27
Nandi,Millet,Short Rains,28.23416057,186.5008581,5.902103172,7.27
Nandi ,Millet,Short Rains,30.11812084,157.0858232,5.719889876,4.2
Narok,Millet,Short Rains,33.4126864,139.6702541,4.548202098,4.3
Nyamira,Millet,Short Rains,24.18553163,177.3377996,6.669529416,4.8
Siaya,Millet,Short Rains,26.88630675,94.46748008,4.750929218,4.1
Tharaka Nithi,Millet,Short Rains,31.33170829,161.7820226,4.946263888,7.1
Trans Nzoia,Millet,Short Rains,33.30711818,108.5090168,5.266227032,9
Uasin Gishu,Millet,Short Rains,23.45379018,150.8712202,7.10959773,7.67
Vihiga,Millet,Short Rains,34.53823889,168.5948318,5.617008201,7.2
Wajir,Millet,Short Rains,19.50112224,197.3752649,5.632353113,6.86
West Pokot,Millet,Short Rains,28.76794904,91.72084869,4.674941549,6.27
Baringo,Pearl Millet,Long Rains,30.97758716,180.716828,7.161797643,5.46
Embu,Pearl Millet,Long Rains,18.39759147,93.12330644,6.624966131,2.99
Kajiado,Pearl Millet,Long Rains,35.09357419,116.9106908,5.004074624,4.26
Kilifi,Pearl Millet,Long Rains,34.93174223,159.2649827,6.345806011,4.28
Kitui,Pearl Millet,Long Rains,29.50523036,187.8961851,6.216814453,4.52
Machakos,Pearl Millet,Long Rains,34.51934775,129.0064612,5.921666758,2.02
Makueni,Pearl Millet,Long Rains,28.43430726,147.0414824,6.012719118,2.36
Meru,Pearl Millet,Long Rains,18.41645629,163.2747473,4.684079249,5.21
Tana River,Pearl Millet,Long Rains,31.07508973,91.31256412,7.077170002,6.21
Tharaka Nithi,Pearl Millet,Long Rains,20.89342749,195.5697875,6.208843215,8.51
Baringo,Pearl Millet,Short Rains,30.90607799,170.9919828,7.05181629,8.65
Embu,Pearl Millet,Short Rains,27.9348279,145.3728801,4.722222454,8.74
Kajiado,Pearl Millet,Short Rains,35.95176642,136.0456753,6.418062652,8.14
Kilifi,Pearl Millet,Short Rains,19.54317155,173.1686574,4.803564468,6.94
Kitui,Pearl Millet,Short Rains,19.63736208,176.4134092,4.608695247,6.33
Machakos,Pearl Millet,Short Rains,31.2192752,129.2028653,5.611510977,6.32
Makueni,Pearl Millet,Short Rains,33.50876355,126.6738117,7.322097972,6.29
Meru,Pearl Millet,Short Rains,24.80710166,188.4928637,5.023115055,5.89
Tana River,Pearl Millet,Short Rains,36.20970524,191.0658531,5.617122801,1.16
Tharaka Nithi,Pearl Millet,Short Rains,30.50420876,162.5927723,5.391560418,1.21
Baringo,Peagon Peas,Long Rains,26.01630259,160.3337447,5.906596905,1.25
Bomet,Peagon Peas,Long Rains,31.48469278,100.546816,6.574209678,1.3
Bungoma,Peagon Peas,Long Rains,33.15122581,105.0380275,4.807776749,1.39
Busia,Peagon Peas,Long Rains,23.50222822,192.3023991,4.760038039,1.36
Elgeyo Marakwet,Peagon Peas,Long Rains,34.87248659,148.2502786,5.180271502,1.49
Embu,Peagon Peas,Long Rains,28.09269012,197.1144011,4.895927306,0.69
Garissa,Peagon Peas,Long Rains,24.54757829,118.3606557,6.436160044,1.06
Homabay,Peagon Peas,Long Rains,33.64769646,100.4673278,7.066087261,1.2
Isiolo,Peagon Peas,Long Rains,20.5591255,191.0895109,6.655918078,1.26
Kajiado,Peagon Peas,Long Rains,19.95991719,195.787103,5.982854523,0.92
Kakamega,Peagon Peas,Long Rains,28.87667593,182.2688175,5.457871273,1.32
Kericho,Peagon Peas,Long Rains,36.04353699,159.8938645,4.759490199,1.12
Kiambu,Peagon Peas,Long Rains,23.6734328,141.1250722,7.342409555,1.33
Kilifi,Peagon Peas,Long Rains,25.74679443,100.7791633,4.820788186,1.9
Kirinyaga,Peagon Peas,Long Rains,31.08564994,175.9303271,6.242052013,1.6
Kisii,Peagon Peas,Long Rains,18.72987676,139.8710041,5.001038726,1.7
Kisumu,Peagon Peas,Long Rains,29.50304807,189.5208915,5.560224583,0.93
Kitui,Peagon Peas,Long Rains,20.43517772,137.2279662,4.747352458,0.92
Kwale,Peagon Peas,Long Rains,36.00415838,134.8596466,7.313517308,0.91
Laikipia,Peagon Peas,Long Rains,31.46846241,174.5723999,5.661826398,0.91
Lamu,Peagon Peas,Long Rains,36.30049702,101.6073988,4.672437054,0.89
Machakos,Peagon Peas,Long Rains,29.49096726,153.2504506,6.471862118,0.89
Makueni,Peagon Peas,Long Rains,30.5753044,177.5764304,5.384762927,0.83
Marsabit,Peagon Peas,Long Rains,24.69487673,91.95792434,5.859813416,0.83
Meru,Peagon Peas,Long Rains,23.17409556,162.5931264,6.962386495,0.67
Migori,Peagon Peas,Long Rains,19.04380471,155.3705624,6.12166671,0.67
Mombasa,Peagon Peas,Long Rains,29.32379604,165.4113371,6.421748487,0.75
Muranga,Peagon Peas,Long Rains,34.6455408,180.9009998,4.828936119,0.95
Nairobi,Peagon Peas,Long Rains,21.9989826,136.8274312,6.98571967,1
Nakuru,Peagon Peas,Long Rains,22.99774444,159.689339,4.603563116,0.91
Nandi,Peagon Peas,Long Rains,30.55992394,178.8998611,6.979540061,0.8
Nandi ,Peagon Peas,Long Rains,31.46417866,165.405354,7.064973419,0.88
Narok,Peagon Peas,Long Rains,25.95058595,109.1821183,5.16516459,1.46
Nyamira,Peagon Peas,Long Rains,21.01142393,185.2039114,5.111488821,1.75
Nyandarua,Peagon Peas,Long Rains,19.25100056,149.063196,5.374358869,2
Nyeri,Peagon Peas,Long Rains,19.24462755,180.6465282,5.671419084,2
Samburu,Peagon Peas,Long Rains,22.47253208,96.74706956,5.667419697,1.42
Siaya,Peagon Peas,Long Rains,36.75087487,124.6028153,6.07938452,1.35
Taita Taveta,Peagon Peas,Long Rains,29.89286629,198.1403003,6.931924963,1.37
Tana River,Peagon Peas,Long Rains,29.37735586,172.40168,6.842744374,1.32
Tharaka Nithi,Peagon Peas,Long Rains,29.65052947,186.9226052,6.876572503,1.38
Trans Nzoia,Peagon Peas,Long Rains,19.54284889,173.1106982,6.151029296,1.16
Turkana,Peagon Peas,Long Rains,20.04611791,122.4564203,4.567446499,0.7
Uasin Gishu,Peagon Peas,Long Rains,27.91095209,32.67891866,3.692863601,0.49
Vihiga,Peagon Peas,Long Rains,27.32220619,36.5037914,4.371745575,0.51
Wajir,Peagon Peas,Long Rains,28.66024187,36.92629678,8.399135958,0.51
West Pokot,Peagon Peas,Long Rains,29.02955344,72.98016599,8.840656256,0.6
Baringo,Peagon Peas,Short Rains,27.78031515,32.05025323,8.153022903,0.74
Bomet,Peagon Peas,Short Rains,31.99928579,71.6266696,5.270749441,0.89
Bungoma,Peagon Peas,Short Rains,27.33580911,73.44775287,8.050304395,0.77
Busia,Peagon Peas,Short Rains,28.92952635,66.35634104,9.679240873,1.27
Elgeyo Marakwet,Peagon Peas,Short Rains,27.65472156,36.94255012,6.974978386,1.41
Embu,Peagon Peas,Short Rains,28.52396666,61.32935611,7.39389918,1.51
Garissa,Peagon Peas,Short Rains,31.02215872,53.56783314,6.68727523,1.55
Homabay,Peagon Peas,Short Rains,25.74095321,67.43488235,7.88118645,0.33
Isiolo,Peagon Peas,Short Rains,31.70447482,44.94317432,5.875333778,0.36
Kajiado,Peagon Peas,Short Rains,24.47876451,34.96933295,8.202706015,0.34
Kakamega,Peagon Peas,Short Rains,31.46511256,74.44330654,8.985348193,0.29
Kericho,Peagon Peas,Short Rains,25.60973447,53.39249517,5.87707519,0.33
Kiambu,Peagon Peas,Short Rains,30.30260453,68.04039813,7.707595055,0.33
Kilifi,Peagon Peas,Short Rains,28.17489437,45.78172762,4.524171562,0.41
Kirinyaga,Peagon Peas,Short Rains,25.50634557,74.32635105,9.926212291,0.4
Kisii,Peagon Peas,Short Rains,31.12896766,32.76742894,6.455592696,0.09
Kisumu,Peagon Peas,Short Rains,26.34043268,35.1051197,8.016210782,0.25
Kitui,Peagon Peas,Short Rains,28.23494706,72.66666443,3.71105919,0.28
Kwale,Peagon Peas,Short Rains,27.04453473,48.25207759,5.49091063,0.33
Laikipia,Peagon Peas,Short Rains,25.16125354,40.89732789,9.254089438,0.1
Lamu,Peagon Peas,Short Rains,27.3179125,32.55919573,6.005242945,0.24
Machakos,Peagon Peas,Short Rains,25.4123765,31.87416982,7.437078236,0.24
Makueni,Peagon Peas,Short Rains,31.21629982,53.1205277,3.808429173,0.25
Marsabit,Peagon Peas,Short Rains,30.573999,62.74803826,5.818219385,0.23
Meru,Peagon Peas,Short Rains,25.42517036,46.19374559,4.52363558,0.23
Migori,Peagon Peas,Short Rains,27.09400578,41.53749535,3.510404312,0.25
Mombasa,Peagon Peas,Short Rains,24.30935081,58.99536268,6.030447288,0.29
Muranga,Peagon Peas,Short Rains,30.06142622,41.0550915,5.498340808,0.33
Nairobi,Peagon Peas,Short Rains,28.09568993,33.84110759,4.61136408,0.36
Nakuru,Peagon Peas,Short Rains,26.33908791,55.50429227,5.545219232,0.38
Nandi,Peagon Peas,Short Rains,28.61409059,57.02891698,8.292875734,0.43
Nandi ,Peagon Peas,Short Rains,28.70012137,44.11622138,3.828031463,0.69
Narok,Peagon Peas,Short Rains,24.21610338,42.24783476,8.869532817,0.86
Nyamira,Peagon Peas,Short Rains,28.50677929,66.1761456,3.793575185,0.44
Nyandarua,Peagon Peas,Short Rains,25.97948991,72.19245835,4.193189124,0.44
Nyeri,Peagon Peas,Short Rains,30.88482722,55.053805,7.661537348,0.53
Samburu,Peagon Peas,Short Rains,25.5042419,65.07981523,9.392694614,0.16
Siaya,Peagon Peas,Short Rains,25.12528913,38.48678973,4.516154055,0.44
Taita Taveta,Peagon Peas,Short Rains,27.10508014,62.20279647,5.794289715,0.58
Tana River,Peagon Peas,Short Rains,31.1006247,70.79934452,7.354286985,0.65
Tharaka Nithi,Peagon Peas,Short Rains,26.45707778,64.16167699,5.993513566,0.62
Trans Nzoia,Peagon Peas,Short Rains,30.04132304,31.83192392,8.620107545,6
Turkana,Peagon Peas,Short Rains,27.77799528,50.28438729,9.45949344,6.67
Uasin Gishu,Peagon Peas,Short Rains,30.99256944,58.27600682,8.0344125,7.35
Vihiga,Peagon Peas,Short Rains,26.4908332,36.99362831,5.414492777,7.78
Wajir,Peagon Peas,Short Rains,31.96987867,64.25520357,6.276004336,8.33
West Pokot,Peagon Peas,Short Rains,25.36140526,55.60523179,9.160691747,7.81
Baringo,Yams,Short Rains,25.54249137,48.46797044,7.887658711,8.53
Bomet,Yams,Short Rains,28.99319096,70.4713043,8.183844843,8.24
Bungoma,Yams,Short Rains,29.34317422,34.03335472,9.072011412,8.53
Busia,Yams,Short Rains,28.63618921,68.54877876,7.702287236,8.17
Elgeyo Marakwet,Yams,Short Rains,24.83206631,52.0810886,5.88509677,8.33
Embu,Yams,Short Rains,25.44689075,57.04826619,6.16496284,8.61
Garissa,Yams,Short Rains,31.01274943,63.77192383,3.504752314,8.89
Homabay,Yams,Short Rains,27.06179658,60.74583498,7.388007483,8.89
Isiolo,Yams,Short Rains,27.0956288,71.1271039,8.340398059,8.89
Kajiado,Yams,Short Rains,28.56800579,64.53027638,8.66077954,8.94
Kakamega,Yams,Short Rains,28.79929247,40.85534718,3.558822825,9
Kericho,Yams,Short Rains,27.94293692,69.66289997,5.9565851,9
Kiambu,Yams,Short Rains,30.47757686,61.86633917,9.416003106,9
Kilifi,Yams,Short Rains,30.58139475,64.58559639,8.18422855,9.17
Kirinyaga,Yams,Short Rains,26.85911286,44.13827124,5.131779302,9.17
Kisii,Yams,Short Rains,26.31051759,35.73403813,6.294130313,9.17
Kisumu,Yams,Short Rains,28.77833449,33.95825723,7.991902443,9.17
Kitui,Yams,Short Rains,28.90245417,71.90018566,8.923095695,8.95
Kwale,Yams,Short Rains,29.37687468,38.34303462,6.878498176,8.95
Laikipia,Yams,Short Rains,24.17093241,59.18953429,5.243634849,8.95
Lamu,Yams,Short Rains,26.65333029,36.91852635,7.550090941,8.95
Machakos,Yams,Short Rains,28.19912143,52.13580529,8.709291688,8.95
Makueni,Yams,Short Rains,28.76488954,55.21606732,7.792508068,8.68
Marsabit,Yams,Short Rains,29.3499706,40.82840673,8.055908858,8.93
Meru,Yams,Short Rains,28.00937423,36.01203025,4.397698806,8.3
Migori,Yams,Short Rains,26.85851927,34.7426459,5.952384957,9
Mombasa,Yams,Short Rains,31.2123945,53.78769958,8.532078733,8.81
Muranga,Yams,Short Rains,24.20422636,46.0203959,7.224193642,8.32
Nairobi,Yams,Short Rains,29.98835437,52.92929636,4.931890506,8.11
Nakuru,Yams,Short Rains,29.93964907,45.43669946,4.626212446,8.55
Nandi,Yams,Short Rains,31.2119298,68.80141783,5.026003659,7.81
Nandi ,Yams,Short Rains,26.80474415,43.87801983,3.5253661,7.63
Narok,Yams,Short Rains,31.49398069,64.56807592,8.86979671,8.29
Nyamira,Yams,Short Rains,30.99694676,38.31597852,9.406887533,3.49
Nyandarua,Yams,Short Rains,29.61253065,50.1978269,5.80428611,4.45
Nyeri,Yams,Short Rains,29.97604322,44.86052932,8.35495812,4.22
Samburu,Yams,Short Rains,30.88883074,55.51932414,8.634929739,3.82
Siaya,Yams,Short Rains,30.39321309,35.37493212,7.699200949,4.54
Taita Taveta,Yams,Short Rains,30.43683729,30.92014047,5.261285926,4.62
Tana River,Yams,Short Rains,25.32688786,32.71129281,9.112771682,4.42
Tharaka Nithi,Yams,Short Rains,30.53684308,33.48919022,4.605700542,5.89
Trans Nzoia,Yams,Short Rains,30.38257873,47.95406479,7.115994051,6.54
Turkana,Yams,Short Rains,24.01825377,35.03404425,7.214078621,6.65
Uasin Gishu,Yams,Short Rains,28.69841277,65.67591794,9.93509073,6.3
Vihiga,Yams,Short Rains,29.33743412,42.44054315,8.914074888,6.55
Wajir,Yams,Short Rains,27.96583691,70.10472076,8.639586199,5.3
West Pokot,Yams,Short Rains,24.86803974,63.9187654,8.621514073,7.34
Baringo,Maize,Long Rains,25.87682261,38.53254678,5.838508699,2.19
Bomet,Maize,Long Rains,31.01963639,32.81296548,3.532008668,1.41
Bungoma,Maize,Long Rains,27.43329405,54.73367631,7.18530147,2.99
Busia,Maize,Long Rains,28.3340432,38.7976407,7.034214276,0.95
Elgeyo Marakwet,Maize,Long Rains,27.01470397,55.296354,6.635968698,2.25
Embu,Maize,Short Rains,28.17432665,36.35720652,6.828187499,0.65
Garissa,Maize,Short Rains,29.87888063,44.75215854,6.89077995,0.91
Homabay,Maize,Long Rains,29.89232778,42.99498978,7.165121109,1.15
Isiolo,Maize,Short Rains,28.56212158,56.48265193,6.935804256,0.67
Kajiado,Maize,Short Rains,27.53592929,53.01899249,7.196774236,0.34
Kakamega,Maize,Long Rains,29.68361658,41.82490236,6.990095452,2.2
Kericho,Maize,Short Rains,28.14448546,46.75690086,7.064782138,2.41
Kiambu,Maize,Short Rains,29.53037621,59.87232071,7.156563094,1.41
Kilifi,Maize,Short Rains,27.88352946,44.64407105,6.364967184,0.42
Kirinyaga,Maize,Short Rains,28.22471276,44.01206619,6.428054409,0.87
Kisii,Maize,Short Rains,29.008124,45.91011391,6.664187809,1.31
Kisumu,Maize,Short Rains,29.75538903,37.54602719,6.637677489,0.4
Kitui,Maize,Short Rains,29.78416743,40.77872823,6.79385576,0.08
Kwale,Maize,Long Rains,27.8640132,42.83053902,6.852884643,0.34
Laikipia,Maize,Long Rains,27.11026483,51.52617423,7.121571293,0.17
Lamu,Maize,Long Rains,27.11030369,49.11964582,6.883308033,1.06
Machakos,Maize,Short Rains,28.95451232,57.65901369,6.421271178,0.88
Makueni,Maize,Short Rains,29.21780035,43.1386631,6.54450214,0.55
Mandera,Maize,Short Rains,28.7420098,48.54598575,6.452006451,0.49
Marsabit,Maize,Short Rains,29.65021184,56.76278363,6.489259136,0.53
Meru,Maize,Long Rains,27.23924995,37.31236904,6.713410626,1.12
Migori,Maize,Long Rains,28.95172351,56.51103293,6.510840928,0.93
Mombasa,Maize,Short Rains,28.18837136,37.01110438,6.287380117,0.1
Muranga,Maize,Long Rains,28.30041493,50.47333854,6.86308576,0.74
Nairobi ,Maize,Short Rains,27.89636126,57.79863368,6.78415271,1.1
Nakuru,Maize,Long Rains,28.6899851,44.56598352,6.769415888,2.36
Nandi,Maize,Long Rains,27.8262623,56.68833819,6.320768488,2.92
Narok,Maize,Long Rains,28.70562673,59.87065439,6.705008504,2.35
Nyamira,Maize,Long Rains,28.6362812,48.48319335,6.790736339,1.33
Nyandarua,Maize,Long Rains,28.28511547,48.56690235,7.130278657,1.26
Nyeri,Maize,Long Rains,27.60887393,43.80041104,7.012740397,0.54
Samburu,Maize,Short Rains,28.60901145,36.94616965,7.155685016,2.13
Siaya,Maize,Long Rains,29.24598976,53.43228915,6.991242362,0.85
Taita Taveta,Maize,Long Rains,28.62911222,50.49913241,6.218923893,0.58
Tana River,Maize,Long Rains,29.57329479,45.04467075,7.199495368,1.43
Tharaka Nthi,Maize,Short Rains,27.82684262,58.37249772,6.389882166,0.71
Trans Nzoia,Maize,Long Rains,29.8757015,40.12044158,6.623438282,3.82
Turkana,Maize,Short Rains,27.33684386,51.09802625,7.033012777,1.19
Uasin Gishu,Maize,Long Rains,29.83040388,58.86687093,6.32400451,3.95
Vihiga,Maize,Long Rains,28.2753171,56.04995423,6.397636709,1.41
Wajir,Maize,Short Rains,29.86860065,58.41394143,6.401455706,0.2
West Pokot,Maize,Long Rains,29.5888162,54.96121262,6.904587016,2.37
Baringo,Tomatoes,Short Rains,28.07219563,49.61865305,6.478557136,0.09
Bomet,Tomatoes,Short Rains,27.84026517,52.84626009,7.063022095,0.06
Bungoma,Tomatoes,Short Rains,27.10818093,55.03723979,6.981758362,0.04
Busia,Tomatoes,Short Rains,27.68515114,54.62243308,6.227134139,0.08
Elgeyo Marakwet,Tomatoes,Short Rains,29.34594634,59.03629954,6.232836962,0.05
Embu,Tomatoes,Short Rains,28.36319404,52.93031105,7.140437859,0.04
Garissa,Tomatoes,Short Rains,27.65280218,56.52558045,6.459252023,0.15
Homabay,Tomatoes,Short Rains,27.31372793,53.15223123,6.568795404,0.08
Isiolo,Tomatoes,Short Rains,27.06909959,50.46746116,7.12851089,0.03
Kajiado,Tomatoes,Short Rains,28.06642822,39.23831035,6.42937879,0.03
Kakamega,Tomatoes,Short Rains,27.73329078,44.17580911,6.248900919,0.12
Kericho,Tomatoes,Long Rains,27.53632932,45.48591922,6.619891498,0.12
Kiambu,Tomatoes,Long Rains,29.66461594,56.09542002,6.377568542,0.11
Kilifi,Tomatoes,Long Rains,29.9145443,41.39081525,6.415459592,0.06
Kirinyaga,Tomatoes,Long Rains,28.36363858,57.99524359,6.320662012,0.06
Kisii,Tomatoes,Short Rains,29.46416042,43.15411472,6.978400282,0.05
Kisumu,Tomatoes,Short Rains,29.73013036,50.91511275,6.442335593,0.08
Kitui,Tomatoes,Short Rains,27.46852989,43.78420984,7.184398832,0.06
Kwale,Tomatoes,Short Rains,27.77076285,49.50812624,6.402926221,0.05
Laikipia,Tomatoes,Short Rains,29.12939524,36.45012824,7.085982325,0.03
Lamu,Tomatoes,Short Rains,27.10606808,37.45680611,6.698574085,0.03
Machakos,Tomatoes,Short Rains,28.88078945,53.79732545,6.594739424,0.05
Makueni,Tomatoes,Short Rains,28.14720892,37.44800463,6.647965508,0.06
Marsabit,Tomatoes,Short Rains,29.89129144,54.7960127,7.120032489,0.1
Meru,Tomatoes,Long Rains,27.41503453,40.53173216,6.91380932,0.11
Migori,Tomatoes,Long Rains,29.27308605,50.9246554,7.073048264,0.07
Mombasa,Tomatoes,Short Rains,29.65296893,56.01913159,6.5304707,0.05
Muranga,Tomatoes,Long Rains,28.44524991,58.18713162,6.684381357,0.06
Nairobi,Tomatoes,Short Rains,27.96235681,48.9366954,6.581351374,0.02
Nakuru,Tomatoes,Long Rains,29.25649321,42.02483277,6.86483915,0.06
Nandi,Tomatoes,Long Rains,28.36291385,43.05130077,6.487124217,0.04
Narok,Tomatoes,Long Rains,27.62749466,39.26137642,6.605733068,0.08
Nyamira,Tomatoes,Long Rains,28.66086349,50.01534317,6.860602782,0.05
Nyandarua,Tomatoes,Long Rains,29.2114218,51.53848218,6.41874299,0.01
Nyeri,Tomatoes,Short Rains,29.40889385,53.35486977,6.365513634,0.03
Samburu,Tomatoes,Long Rains,28.02952623,36.12042927,6.556372966,0.06
Siaya,Tomatoes,Short Rains,28.08657178,38.14476781,6.760694228,0.1
Taita Taveta,Tomatoes,Long Rains,29.16174608,40.16545979,6.715276663,0.02
Tana River,Tomatoes,Long Rains,29.8596912,50.66487502,6.666380512,0.08
Tharaka Nithi,Tomatoes,Short Rains,29.06631494,43.95183726,6.626629798,0.08
Trans Nzoia,Tomatoes,Short Rains,27.38538997,58.29933073,6.702772465,0.04
Turkana,Tomatoes,Short Rains,27.93034941,43.25095608,7.011030515,0.15
Uasin Gishu,Tomatoes,Short Rains,29.2808618,44.47427436,6.890156495,0.06
Vihiga,Tomatoes,Short Rains,28.9973145,59.84499208,6.821747052,0.08
 West Pokot ,Tomatoes,Long Rains,27.92678579,43.4826194,7.183189922,0.06
